Product Name,Price,Rating
N/A,N/A,N/A
N/A,N/A,N/A
"itel Color Pro 5G (Lavender Fantasy, 128 GB)","7,999",4
"Motorola g45 5G (Brilliant Green, 128 GB)","11,999",4.4
"SAMSUNG Galaxy F05 (Twilight Blue, 64 GB)","6,249",4.2
"Motorola g45 5G (Brilliant Green, 128 GB)","9,999",4.3
"Motorola G85 5G (Cobalt Blue, 128 GB)","16,999",4.5
"vivo T3 Lite 5G (Vibrant Green, 128 GB)","10,499",4.4
"Motorola g45 5G (Viva Magenta, 128 GB)","11,999",4.4
"Motorola g45 5G (Viva Magenta, 128 GB)","9,999",4.3
"vivo T3 Lite 5G (Majestic Black, 128 GB)","11,499",4.4
"vivo T3 Lite 5G (Majestic Black, 128 GB)","10,499",4.4
"OPPO K12x 5G with 45W SUPERVOOC Charger In-The-Box (Feather Pink, 256 GB)","15,999",4.4
"Motorola G85 5G (Cobalt Blue, 256 GB)","18,999",4.4
"Motorola G85 5G (Olive Green, 128 GB)","16,999",4.5
"vivo T3x 5G (Celestial Green, 128 GB)","13,999",4.5
"vivo T3x 5G (Crimson Bliss, 128 GB)","13,999",4.5
"vivo T3x 5G (Celestial Green, 128 GB)","15,499",4.4
"vivo T3x 5G (Sapphire Blue, 128 GB)","13,999",4.5
"vivo T3x 5G (Crimson Bliss, 128 GB)","12,499",4.5
"OPPO K12x 5G with 45W SUPERVOOC Charger In-The-Box (Feather Pink, 128 GB)","12,999",4.5
"vivo T3x 5G (Crimson Bliss, 128 GB)","15,499",4.4
"vivo T3x 5G (Sapphire Blue, 128 GB)","15,499",4.4
"vivo T3 Lite 5G (Vibrant Green, 128 GB)","11,499",4.4
"vivo T3x 5G (Celestial Green, 128 GB)","12,499",4.5
"Motorola Edge 50 Fusion (Marshmallow Blue, 128 GB)","20,999",4.5
N/A,N/A,N/A
N/A,N/A,N/A
N/A,N/A,4.2
N/A,N/A,N/A
